 Year,Temperature , Statistics, Country, ISO3
1901,4.62573, Jan Average, Ireland, IRL
1901,3.09612, Feb Average, Ireland, IRL
1901,4.39261, Mar Average, Ireland, IRL
1901,7.71889, Apr Average, Ireland, IRL
1901,10.7862, May Average, Ireland, IRL
1901,12.3553, Jun Average, Ireland, IRL
1901,15.848, Jul Average, Ireland, IRL
1901,14.287, Aug Average, Ireland, IRL
1901,12.8005, Sep Average, Ireland, IRL
1901,8.86694, Oct Average, Ireland, IRL
1901,6.08482, Nov Average, Ireland, IRL
1901,4.06605, Dec Average, Ireland, IRL
1902,5.21195, Jan Average, Ireland, IRL
1902,3.11647, Feb Average, Ireland, IRL
1902,6.85576, Mar Average, Ireland, IRL
1902,7.26996, Apr Average, Ireland, IRL
1902,8.69152, May Average, Ireland, IRL
1902,12.4125, Jun Average, Ireland, IRL
1902,13.6854, Jul Average, Ireland, IRL
1902,13.538, Aug Average, Ireland, IRL
1902,12.52, Sep Average, Ireland, IRL
1902,9.59462, Oct Average, Ireland, IRL
1902,7.25088, Nov Average, Ireland, IRL
1902,5.46035, Dec Average, Ireland, IRL
1903,4.40977, Jan Average, Ireland, IRL
1903,6.9186, Feb Average, Ireland, IRL
1903,6.05448, Mar Average, Ireland, IRL
1903,6.61424, Apr Average, Ireland, IRL
1903,10.1339, May Average, Ireland, IRL
1903,12.2726, Jun Average, Ireland, IRL
1903,14.0726, Jul Average, Ireland, IRL
1903,12.9531, Aug Average, Ireland, IRL
1903,12.0885, Sep Average, Ireland, IRL
1903,9.36575, Oct Average, Ireland, IRL
1903,6.42585, Nov Average, Ireland, IRL
1903,3.77997, Dec Average, Ireland, IRL
1904,4.70422, Jan Average, Ireland, IRL
1904,3.73489, Feb Average, Ireland, IRL
1904,4.63918, Mar Average, Ireland, IRL
1904,7.92405, Apr Average, Ireland, IRL
1904,9.75156, May Average, Ireland, IRL
1904,12.693, Jun Average, Ireland, IRL
1904,14.6183, Jul Average, Ireland, IRL
1904,13.7779, Aug Average, Ireland, IRL
1904,11.9309, Sep Average, Ireland, IRL
1904,9.49282, Oct Average, Ireland, IRL
1904,6.23034, Nov Average, Ireland, IRL
1904,5.40471, Dec Average, Ireland, IRL
1905,5.47848, Jan Average, Ireland, IRL
1905,5.22429, Feb Average, Ireland, IRL
1905,6.05522, Mar Average, Ireland, IRL
1905,7.20799, Apr Average, Ireland, IRL
1905,10.3966, May Average, Ireland, IRL
1905,13.6429, Jun Average, Ireland, IRL
1905,15.613, Jul Average, Ireland, IRL
1905,13.3699, Aug Average, Ireland, IRL
1905,11.4663, Sep Average, Ireland, IRL
1905,7.25498, Oct Average, Ireland, IRL
1905,4.79881, Nov Average, Ireland, IRL
1905,6.88609, Dec Average, Ireland, IRL
1906,5.57043, Jan Average, Ireland, IRL
1906,3.54592, Feb Average, Ireland, IRL
1906,5.56932, Mar Average, Ireland, IRL
1906,6.66904, Apr Average, Ireland, IRL
1906,9.29137, May Average, Ireland, IRL
1906,13.4665, Jun Average, Ireland, IRL
1906,14.1468, Jul Average, Ireland, IRL
1906,15.2407, Aug Average, Ireland, IRL
1906,12.8339, Sep Average, Ireland, IRL
1906,9.54937, Oct Average, Ireland, IRL
1906,7.20223, Nov Average, Ireland, IRL
1906,4.27197, Dec Average, Ireland, IRL
1907,4.63812, Jan Average, Ireland, IRL
1907,3.66831, Feb Average, Ireland, IRL
1907,6.88037, Mar Average, Ireland, IRL
1907,7.15551, Apr Average, Ireland, IRL
1907,9.28836, May Average, Ireland, IRL
1907,11.31, Jun Average, Ireland, IRL
1907,14.111, Jul Average, Ireland, IRL
1907,13.2616, Aug Average, Ireland, IRL
1907,13.3054, Sep Average, Ireland, IRL
1907,8.74998, Oct Average, Ireland, IRL
1907,5.9908, Nov Average, Ireland, IRL
1907,5.06174, Dec Average, Ireland, IRL
1908,4.22989, Jan Average, Ireland, IRL
1908,6.23498, Feb Average, Ireland, IRL
1908,4.73418, Mar Average, Ireland, IRL
1908,6.2396, Apr Average, Ireland, IRL
1908,11.2432, May Average, Ireland, IRL
1908,12.709, Jun Average, Ireland, IRL
1908,14.7092, Jul Average, Ireland, IRL
1908,13.8718, Aug Average, Ireland, IRL
1908,12.0022, Sep Average, Ireland, IRL
1908,11.8189, Oct Average, Ireland, IRL
1908,8.06137, Nov Average, Ireland, IRL
1908,5.80742, Dec Average, Ireland, IRL
1909,5.26038, Jan Average, Ireland, IRL
1909,4.93063, Feb Average, Ireland, IRL
1909,4.12543, Mar Average, Ireland, IRL
1909,8.22992, Apr Average, Ireland, IRL
1909,10.2709, May Average, Ireland, IRL
1909,11.7834, Jun Average, Ireland, IRL
1909,13.7932, Jul Average, Ireland, IRL
1909,14.4277, Aug Average, Ireland, IRL
1909,11.4073, Sep Average, Ireland, IRL
1909,9.50293, Oct Average, Ireland, IRL
1909,4.79166, Nov Average, Ireland, IRL
1909,4.24766, Dec Average, Ireland, IRL
1910,4.21492, Jan Average, Ireland, IRL
1910,4.87823, Feb Average, Ireland, IRL
1910,6.18375, Mar Average, Ireland, IRL
1910,6.69546, Apr Average, Ireland, IRL
1910,10.2469, May Average, Ireland, IRL
1910,13.1419, Jun Average, Ireland, IRL
1910,13.7378, Jul Average, Ireland, IRL
1910,14.02, Aug Average, Ireland, IRL
1910,11.9018, Sep Average, Ireland, IRL
1910,10.0856, Oct Average, Ireland, IRL
1910,4.42809, Nov Average, Ireland, IRL
1910,6.12557, Dec Average, Ireland, IRL
1911,4.62208, Jan Average, Ireland, IRL
1911,5.05592, Feb Average, Ireland, IRL
1911,5.32744, Mar Average, Ireland, IRL
1911,7.40528, Apr Average, Ireland, IRL
1911,11.5172, May Average, Ireland, IRL
1911,13.1651, Jun Average, Ireland, IRL
1911,15.8623, Jul Average, Ireland, IRL
1911,15.7421, Aug Average, Ireland, IRL
1911,12.3319, Sep Average, Ireland, IRL
1911,9.29261, Oct Average, Ireland, IRL
1911,5.59859, Nov Average, Ireland, IRL
1911,5.81171, Dec Average, Ireland, IRL
1912,4.77734, Jan Average, Ireland, IRL
1912,5.32986, Feb Average, Ireland, IRL
1912,6.8583, Mar Average, Ireland, IRL
1912,8.61077, Apr Average, Ireland, IRL
1912,10.8594, May Average, Ireland, IRL
1912,12.384, Jun Average, Ireland, IRL
1912,13.8064, Jul Average, Ireland, IRL
1912,11.5506, Aug Average, Ireland, IRL
1912,10.8823, Sep Average, Ireland, IRL
1912,8.29324, Oct Average, Ireland, IRL
1912,6.60743, Nov Average, Ireland, IRL
1912,6.59386, Dec Average, Ireland, IRL
1913,4.78763, Jan Average, Ireland, IRL
1913,5.20874, Feb Average, Ireland, IRL
1913,5.43945, Mar Average, Ireland, IRL
1913,7.39137, Apr Average, Ireland, IRL
1913,9.98042, May Average, Ireland, IRL
1913,12.2773, Jun Average, Ireland, IRL
1913,13.7821, Jul Average, Ireland, IRL
1913,14.3464, Aug Average, Ireland, IRL
1913,12.7537, Sep Average, Ireland, IRL
1913,10.3483, Oct Average, Ireland, IRL
1913,7.75781, Nov Average, Ireland, IRL
1913,5.27673, Dec Average, Ireland, IRL
1914,4.65437, Jan Average, Ireland, IRL
1914,6.24456, Feb Average, Ireland, IRL
1914,5.76951, Mar Average, Ireland, IRL
1914,8.87508, Apr Average, Ireland, IRL
1914,10.1136, May Average, Ireland, IRL
1914,13.2411, Jun Average, Ireland, IRL
1914,14.55, Jul Average, Ireland, IRL
1914,14.8573, Aug Average, Ireland, IRL
1914,12.6898, Sep Average, Ireland, IRL
1914,9.99924, Oct Average, Ireland, IRL
1914,6.56298, Nov Average, Ireland, IRL
1914,3.96841, Dec Average, Ireland, IRL
1915,4.017, Jan Average, Ireland, IRL
1915,3.73541, Feb Average, Ireland, IRL
1915,5.33197, Mar Average, Ireland, IRL
1915,8.02059, Apr Average, Ireland, IRL
1915,10.1432, May Average, Ireland, IRL
1915,13.1406, Jun Average, Ireland, IRL
1915,13.5915, Jul Average, Ireland, IRL
1915,14.1435, Aug Average, Ireland, IRL
1915,13.0144, Sep Average, Ireland, IRL
1915,9.32656, Oct Average, Ireland, IRL
1915,4.01785, Nov Average, Ireland, IRL
1915,4.95841, Dec Average, Ireland, IRL
1916,6.69385, Jan Average, Ireland, IRL
1916,3.81999, Feb Average, Ireland, IRL
1916,3.74623, Mar Average, Ireland, IRL
1916,7.33337, Apr Average, Ireland, IRL
1916,10.1404, May Average, Ireland, IRL
1916,11.4533, Jun Average, Ireland, IRL
1916,14.5781, Jul Average, Ireland, IRL
1916,15.499, Aug Average, Ireland, IRL
1916,12.9129, Sep Average, Ireland, IRL
1916,10.0326, Oct Average, Ireland, IRL
1916,7.10109, Nov Average, Ireland, IRL
1916,3.20691, Dec Average, Ireland, IRL
1917,2.48303, Jan Average, Ireland, IRL
1917,2.74129, Feb Average, Ireland, IRL
1917,4.41911, Mar Average, Ireland, IRL
1917,5.56653, Apr Average, Ireland, IRL
1917,11.042, May Average, Ireland, IRL
1917,12.7533, Jun Average, Ireland, IRL
1917,15.1762, Jul Average, Ireland, IRL
1917,14.4401, Aug Average, Ireland, IRL
1917,12.8568, Sep Average, Ireland, IRL
1917,7.34889, Oct Average, Ireland, IRL
1917,8.08204, Nov Average, Ireland, IRL
1917,3.73483, Dec Average, Ireland, IRL
1918,4.49633, Jan Average, Ireland, IRL
1918,7.13419, Feb Average, Ireland, IRL
1918,6.0244, Mar Average, Ireland, IRL
1918,7.01279, Apr Average, Ireland, IRL
1918,11.3597, May Average, Ireland, IRL
1918,12.6518, Jun Average, Ireland, IRL
1918,14.1333, Jul Average, Ireland, IRL
1918,14.7456, Aug Average, Ireland, IRL
1918,10.6996, Sep Average, Ireland, IRL
1918,8.4131, Oct Average, Ireland, IRL
1918,6.18596, Nov Average, Ireland, IRL
1918,7.02133, Dec Average, Ireland, IRL
1919,3.78643, Jan Average, Ireland, IRL
1919,3.60761, Feb Average, Ireland, IRL
1919,3.67733, Mar Average, Ireland, IRL
1919,7.3597, Apr Average, Ireland, IRL
1919,11.8058, May Average, Ireland, IRL
1919,12.6091, Jun Average, Ireland, IRL
1919,13.396, Jul Average, Ireland, IRL
1919,14.6736, Aug Average, Ireland, IRL
1919,11.7224, Sep Average, Ireland, IRL
1919,8.8851, Oct Average, Ireland, IRL
1919,3.35777, Nov Average, Ireland, IRL
1919,5.74966, Dec Average, Ireland, IRL
1920,5.22747, Jan Average, Ireland, IRL
1920,6.49171, Feb Average, Ireland, IRL
1920,6.12674, Mar Average, Ireland, IRL
1920,7.30869, Apr Average, Ireland, IRL
1920,10.3564, May Average, Ireland, IRL
1920,13.0149, Jun Average, Ireland, IRL
1920,13.0035, Jul Average, Ireland, IRL
1920,13.0697, Aug Average, Ireland, IRL
1920,12.3374, Sep Average, Ireland, IRL
1920,10.6261, Oct Average, Ireland, IRL
1920,8.22869, Nov Average, Ireland, IRL
1920,4.55434, Dec Average, Ireland, IRL
1921,7.21088, Jan Average, Ireland, IRL
1921,5.59777, Feb Average, Ireland, IRL
1921,6.85055, Mar Average, Ireland, IRL
1921,8.01726, Apr Average, Ireland, IRL
1921,10.0252, May Average, Ireland, IRL
1921,13.655, Jun Average, Ireland, IRL
1921,16.7547, Jul Average, Ireland, IRL
1921,13.6777, Aug Average, Ireland, IRL
1921,13.044, Sep Average, Ireland, IRL
1921,11.942, Oct Average, Ireland, IRL
1921,7.45249, Nov Average, Ireland, IRL
1921,7.56724, Dec Average, Ireland, IRL
1922,5.00694, Jan Average, Ireland, IRL
1922,5.8101, Feb Average, Ireland, IRL
1922,5.52801, Mar Average, Ireland, IRL
1922,5.39001, Apr Average, Ireland, IRL
1922,11.1404, May Average, Ireland, IRL
1922,12.4058, Jun Average, Ireland, IRL
1922,12.5044, Jul Average, Ireland, IRL
1922,12.7304, Aug Average, Ireland, IRL
1922,11.5747, Sep Average, Ireland, IRL
1922,8.6887, Oct Average, Ireland, IRL
1922,6.95788, Nov Average, Ireland, IRL
1922,5.64437, Dec Average, Ireland, IRL
1923,6.20559, Jan Average, Ireland, IRL
1923,6.13885, Feb Average, Ireland, IRL
1923,6.63396, Mar Average, Ireland, IRL
1923,7.1038, Apr Average, Ireland, IRL
1923,8.57999, May Average, Ireland, IRL
1923,12.4257, Jun Average, Ireland, IRL
1923,15.4981, Jul Average, Ireland, IRL
1923,13.8027, Aug Average, Ireland, IRL
1923,11.4361, Sep Average, Ireland, IRL
1923,9.19357, Oct Average, Ireland, IRL
1923,3.83164, Nov Average, Ireland, IRL
1923,5.41412, Dec Average, Ireland, IRL
1924,5.75856, Jan Average, Ireland, IRL
1924,4.58943, Feb Average, Ireland, IRL
1924,4.9955, Mar Average, Ireland, IRL
1924,6.63761, Apr Average, Ireland, IRL
1924,10.0955, May Average, Ireland, IRL
1924,12.9221, Jun Average, Ireland, IRL
1924,13.8625, Jul Average, Ireland, IRL
1924,13.3345, Aug Average, Ireland, IRL
1924,11.7126, Sep Average, Ireland, IRL
1924,9.48352, Oct Average, Ireland, IRL
1924,7.47692, Nov Average, Ireland, IRL
1924,7.13281, Dec Average, Ireland, IRL
1925,6.0131, Jan Average, Ireland, IRL
1925,4.60282, Feb Average, Ireland, IRL
1925,5.47856, Mar Average, Ireland, IRL
1925,6.92818, Apr Average, Ireland, IRL
1925,9.69695, May Average, Ireland, IRL
1925,13.7345, Jun Average, Ireland, IRL
1925,14.7035, Jul Average, Ireland, IRL
1925,14.3516, Aug Average, Ireland, IRL
1925,11.1191, Sep Average, Ireland, IRL
1925,10.3191, Oct Average, Ireland, IRL
1925,4.57598, Nov Average, Ireland, IRL
1925,4.03004, Dec Average, Ireland, IRL
1926,5.70559, Jan Average, Ireland, IRL
1926,6.82563, Feb Average, Ireland, IRL
1926,6.62473, Mar Average, Ireland, IRL
1926,8.96821, Apr Average, Ireland, IRL
1926,9.54959, May Average, Ireland, IRL
1926,12.4818, Jun Average, Ireland, IRL
1926,15.9007, Jul Average, Ireland, IRL
1926,15.2737, Aug Average, Ireland, IRL
1926,13.3283, Sep Average, Ireland, IRL
1926,8.13415, Oct Average, Ireland, IRL
1926,5.61193, Nov Average, Ireland, IRL
1926,4.93864, Dec Average, Ireland, IRL
1927,4.9638, Jan Average, Ireland, IRL
1927,5.57372, Feb Average, Ireland, IRL
1927,7.01898, Mar Average, Ireland, IRL
1927,7.78057, Apr Average, Ireland, IRL
1927,10.4632, May Average, Ireland, IRL
1927,11.197, Jun Average, Ireland, IRL
1927,14.8593, Jul Average, Ireland, IRL
1927,14.4424, Aug Average, Ireland, IRL
1927,11.5669, Sep Average, Ireland, IRL
1927,10.2901, Oct Average, Ireland, IRL
1927,6.28452, Nov Average, Ireland, IRL
1927,3.87327, Dec Average, Ireland, IRL
1928,5.64152, Jan Average, Ireland, IRL
1928,6.51969, Feb Average, Ireland, IRL
1928,5.88041, Mar Average, Ireland, IRL
1928,7.54866, Apr Average, Ireland, IRL
1928,10.5523, May Average, Ireland, IRL
1928,11.8976, Jun Average, Ireland, IRL
1928,14.3212, Jul Average, Ireland, IRL
1928,13.8889, Aug Average, Ireland, IRL
1928,11.9358, Sep Average, Ireland, IRL
1928,10.2152, Oct Average, Ireland, IRL
1928,7.37329, Nov Average, Ireland, IRL
1928,5.05856, Dec Average, Ireland, IRL
1929,3.49977, Jan Average, Ireland, IRL
1929,4.35184, Feb Average, Ireland, IRL
1929,7.03652, Mar Average, Ireland, IRL
1929,7.26638, Apr Average, Ireland, IRL
1929,10.436, May Average, Ireland, IRL
1929,12.3021, Jun Average, Ireland, IRL
1929,14.5248, Jul Average, Ireland, IRL
1929,14.0824, Aug Average, Ireland, IRL
1929,13.8888, Sep Average, Ireland, IRL
1929,9.22869, Oct Average, Ireland, IRL
1929,6.69372, Nov Average, Ireland, IRL
1929,5.53346, Dec Average, Ireland, IRL
1930,4.75161, Jan Average, Ireland, IRL
1930,2.50306, Feb Average, Ireland, IRL
1930,5.46668, Mar Average, Ireland, IRL
1930,7.81685, Apr Average, Ireland, IRL
1930,10.3661, May Average, Ireland, IRL
1930,13.4042, Jun Average, Ireland, IRL
1930,14.1766, Jul Average, Ireland, IRL
1930,13.7727, Aug Average, Ireland, IRL
1930,12.6469, Sep Average, Ireland, IRL
1930,10.0082, Oct Average, Ireland, IRL
1930,6.14231, Nov Average, Ireland, IRL
1930,5.46356, Dec Average, Ireland, IRL
1931,4.38375, Jan Average, Ireland, IRL
1931,4.83871, Feb Average, Ireland, IRL
1931,5.27885, Mar Average, Ireland, IRL
1931,7.75112, Apr Average, Ireland, IRL
1931,10.2433, May Average, Ireland, IRL
1931,13.2908, Jun Average, Ireland, IRL
1931,14.0221, Jul Average, Ireland, IRL
1931,13.7636, Aug Average, Ireland, IRL
1931,11.6227, Sep Average, Ireland, IRL
1931,9.27849, Oct Average, Ireland, IRL
1931,7.66408, Nov Average, Ireland, IRL
1931,6.74492, Dec Average, Ireland, IRL
1932,7.02945, Jan Average, Ireland, IRL
1932,4.49474, Feb Average, Ireland, IRL
1932,5.59675, Mar Average, Ireland, IRL
1932,6.65846, Apr Average, Ireland, IRL
1932,9.82129, May Average, Ireland, IRL
1932,13.7025, Jun Average, Ireland, IRL
1932,14.8387, Jul Average, Ireland, IRL
1932,15.2989, Aug Average, Ireland, IRL
1932,12.2365, Sep Average, Ireland, IRL
1932,8.64857, Oct Average, Ireland, IRL
1932,7.1054, Nov Average, Ireland, IRL
1932,6.32343, Dec Average, Ireland, IRL
1933,3.63055, Jan Average, Ireland, IRL
1933,4.68736, Feb Average, Ireland, IRL
1933,7.22822, Mar Average, Ireland, IRL
1933,9.05124, Apr Average, Ireland, IRL
1933,11.1443, May Average, Ireland, IRL
1933,13.8871, Jun Average, Ireland, IRL
1933,16.1481, Jul Average, Ireland, IRL
1933,15.7578, Aug Average, Ireland, IRL
1933,14.0132, Sep Average, Ireland, IRL
1933,10.0936, Oct Average, Ireland, IRL
1933,6.06038, Nov Average, Ireland, IRL
1933,4.03331, Dec Average, Ireland, IRL
1934,5.85534, Jan Average, Ireland, IRL
1934,5.09477, Feb Average, Ireland, IRL
1934,5.50059, Mar Average, Ireland, IRL
1934,6.9447, Apr Average, Ireland, IRL
1934,10.2075, May Average, Ireland, IRL
1934,14.0556, Jun Average, Ireland, IRL
1934,16.6667, Jul Average, Ireland, IRL
1934,13.9554, Aug Average, Ireland, IRL
1934,12.895, Sep Average, Ireland, IRL
1934,9.83575, Oct Average, Ireland, IRL
1934,6.4104, Nov Average, Ireland, IRL
1934,8.04009, Dec Average, Ireland, IRL
1935,5.47167, Jan Average, Ireland, IRL
1935,5.91678, Feb Average, Ireland, IRL
1935,6.99591, Mar Average, Ireland, IRL
1935,7.72613, Apr Average, Ireland, IRL
1935,10.081, May Average, Ireland, IRL
1935,13.1344, Jun Average, Ireland, IRL
1935,15.1848, Jul Average, Ireland, IRL
1935,15.044, Aug Average, Ireland, IRL
1935,12.6601, Sep Average, Ireland, IRL
1935,9.27868, Oct Average, Ireland, IRL
1935,5.94978, Nov Average, Ireland, IRL
1935,3.66581, Dec Average, Ireland, IRL
1936,3.70691, Jan Average, Ireland, IRL
1936,4.39147, Feb Average, Ireland, IRL
1936,6.87196, Mar Average, Ireland, IRL
1936,6.53257, Apr Average, Ireland, IRL
1936,10.4353, May Average, Ireland, IRL
1936,13.2514, Jun Average, Ireland, IRL
1936,14.224, Jul Average, Ireland, IRL
1936,15.2145, Aug Average, Ireland, IRL
1936,13.4708, Sep Average, Ireland, IRL
1936,10.1862, Oct Average, Ireland, IRL
1936,6.07623, Nov Average, Ireland, IRL
1936,6.05368, Dec Average, Ireland, IRL
1937,5.4504, Jan Average, Ireland, IRL
1937,5.38646, Feb Average, Ireland, IRL
1937,3.60127, Mar Average, Ireland, IRL
1937,8.94339, Apr Average, Ireland, IRL
1937,10.947, May Average, Ireland, IRL
1937,12.8936, Jun Average, Ireland, IRL
1937,14.3911, Jul Average, Ireland, IRL
1937,15.2155, Aug Average, Ireland, IRL
1937,12.3771, Sep Average, Ireland, IRL
1937,9.22467, Oct Average, Ireland, IRL
1937,6.41679, Nov Average, Ireland, IRL
1937,3.95432, Dec Average, Ireland, IRL
1938,5.77214, Jan Average, Ireland, IRL
1938,5.68013, Feb Average, Ireland, IRL
1938,8.71245, Mar Average, Ireland, IRL
1938,7.77668, Apr Average, Ireland, IRL
1938,10.0188, May Average, Ireland, IRL
1938,12.613, Jun Average, Ireland, IRL
1938,13.5104, Jul Average, Ireland, IRL
1938,14.3677, Aug Average, Ireland, IRL
1938,12.8985, Sep Average, Ireland, IRL
1938,10.1368, Oct Average, Ireland, IRL
1938,8.6856, Nov Average, Ireland, IRL
1938,4.70217, Dec Average, Ireland, IRL
1939,4.13103, Jan Average, Ireland, IRL
1939,6.41612, Feb Average, Ireland, IRL
1939,6.36921, Mar Average, Ireland, IRL
1939,8.23112, Apr Average, Ireland, IRL
1939,10.8865, May Average, Ireland, IRL
1939,13.4579, Jun Average, Ireland, IRL
1939,14.0891, Jul Average, Ireland, IRL
1939,14.955, Aug Average, Ireland, IRL
1939,13.1386, Sep Average, Ireland, IRL
1939,8.50521, Oct Average, Ireland, IRL
1939,8.4071, Nov Average, Ireland, IRL
1939,4.29252, Dec Average, Ireland, IRL
1940,2.31094, Jan Average, Ireland, IRL
1940,5.25978, Feb Average, Ireland, IRL
1940,6.56187, Mar Average, Ireland, IRL
1940,8.73154, Apr Average, Ireland, IRL
1940,11.4613, May Average, Ireland, IRL
1940,15.0305, Jun Average, Ireland, IRL
1940,13.6907, Jul Average, Ireland, IRL
1940,15.0184, Aug Average, Ireland, IRL
1940,12.2846, Sep Average, Ireland, IRL
1940,9.61084, Oct Average, Ireland, IRL
1940,6.92042, Nov Average, Ireland, IRL
1940,5.04085, Dec Average, Ireland, IRL
1941,1.95546, Jan Average, Ireland, IRL
1941,3.95635, Feb Average, Ireland, IRL
1941,5.42349, Mar Average, Ireland, IRL
1941,6.54671, Apr Average, Ireland, IRL
1941,9.1875, May Average, Ireland, IRL
1941,13.6516, Jun Average, Ireland, IRL
1941,14.6056, Jul Average, Ireland, IRL
1941,13.8816, Aug Average, Ireland, IRL
1941,14.4137, Sep Average, Ireland, IRL
1941,10.6407, Oct Average, Ireland, IRL
1941,6.8038, Nov Average, Ireland, IRL
1941,6.75151, Dec Average, Ireland, IRL
1942,4.28516, Jan Average, Ireland, IRL
1942,3.23101, Feb Average, Ireland, IRL
1942,6.55083, Mar Average, Ireland, IRL
1942,9.04925, Apr Average, Ireland, IRL
1942,10.383, May Average, Ireland, IRL
1942,13.0538, Jun Average, Ireland, IRL
1942,14.3097, Jul Average, Ireland, IRL
1942,14.8643, Aug Average, Ireland, IRL
1942,12.3634, Sep Average, Ireland, IRL
1942,9.34319, Oct Average, Ireland, IRL
1942,5.17422, Nov Average, Ireland, IRL
1942,7.32074, Dec Average, Ireland, IRL
1943,5.81461, Jan Average, Ireland, IRL
1943,6.81251, Feb Average, Ireland, IRL
1943,7.17425, Mar Average, Ireland, IRL
1943,9.76317, Apr Average, Ireland, IRL
1943,10.3951, May Average, Ireland, IRL
1943,13.146, Jun Average, Ireland, IRL
1943,14.8794, Jul Average, Ireland, IRL
1943,14.2064, Aug Average, Ireland, IRL
1943,12.1276, Sep Average, Ireland, IRL
1943,10.3866, Oct Average, Ireland, IRL
1943,7.0513, Nov Average, Ireland, IRL
1943,5.10733, Dec Average, Ireland, IRL
1944,7.16677, Jan Average, Ireland, IRL
1944,4.80043, Feb Average, Ireland, IRL
1944,5.94597, Mar Average, Ireland, IRL
1944,9.77569, Apr Average, Ireland, IRL
1944,10.6067, May Average, Ireland, IRL
1944,12.7379, Jun Average, Ireland, IRL
1944,15.1271, Jul Average, Ireland, IRL
1944,15.3547, Aug Average, Ireland, IRL
1944,11.7094, Sep Average, Ireland, IRL
1944,8.75915, Oct Average, Ireland, IRL
1944,6.58563, Nov Average, Ireland, IRL
1944,5.60909, Dec Average, Ireland, IRL
1945,1.82498, Jan Average, Ireland, IRL
1945,7.39051, Feb Average, Ireland, IRL
1945,8.49811, Mar Average, Ireland, IRL
1945,9.63046, Apr Average, Ireland, IRL
1945,10.9513, May Average, Ireland, IRL
1945,13.2252, Jun Average, Ireland, IRL
1945,14.8899, Jul Average, Ireland, IRL
1945,15.011, Aug Average, Ireland, IRL
1945,13.7629, Sep Average, Ireland, IRL
1945,11.5412, Oct Average, Ireland, IRL
1945,8.1233, Nov Average, Ireland, IRL
1945,6.90872, Dec Average, Ireland, IRL
1946,4.83116, Jan Average, Ireland, IRL
1946,6.36771, Feb Average, Ireland, IRL
1946,6.1057, Mar Average, Ireland, IRL
1946,8.79716, Apr Average, Ireland, IRL
1946,10.1624, May Average, Ireland, IRL
1946,12.0497, Jun Average, Ireland, IRL
1946,14.2268, Jul Average, Ireland, IRL
1946,13.1968, Aug Average, Ireland, IRL
1946,12.7633, Sep Average, Ireland, IRL
1946,10.2588, Oct Average, Ireland, IRL
1946,7.73409, Nov Average, Ireland, IRL
1946,4.29038, Dec Average, Ireland, IRL
1947,3.8065, Jan Average, Ireland, IRL
1947,0.50549, Feb Average, Ireland, IRL
1947,4.32147, Mar Average, Ireland, IRL
1947,8.06714, Apr Average, Ireland, IRL
1947,10.8792, May Average, Ireland, IRL
1947,13.3752, Jun Average, Ireland, IRL
1947,14.2795, Jul Average, Ireland, IRL
1947,16.8535, Aug Average, Ireland, IRL
1947,13.4961, Sep Average, Ireland, IRL
1947,10.9995, Oct Average, Ireland, IRL
1947,7.58122, Nov Average, Ireland, IRL
1947,5.60642, Dec Average, Ireland, IRL
1948,4.82574, Jan Average, Ireland, IRL
1948,5.41635, Feb Average, Ireland, IRL
1948,8.79543, Mar Average, Ireland, IRL
1948,8.44975, Apr Average, Ireland, IRL
1948,10.3931, May Average, Ireland, IRL
1948,12.3047, Jun Average, Ireland, IRL
1948,14.3759, Jul Average, Ireland, IRL
1948,14.1008, Aug Average, Ireland, IRL
1948,12.7446, Sep Average, Ireland, IRL
1948,10.1926, Oct Average, Ireland, IRL
1948,9.01727, Nov Average, Ireland, IRL
1948,6.36169, Dec Average, Ireland, IRL
1949,6.37613, Jan Average, Ireland, IRL
1949,6.77878, Feb Average, Ireland, IRL
1949,6.64531, Mar Average, Ireland, IRL
1949,9.21529, Apr Average, Ireland, IRL
1949,10.2138, May Average, Ireland, IRL
1949,14.1188, Jun Average, Ireland, IRL
1949,15.7136, Jul Average, Ireland, IRL
1949,15.237, Aug Average, Ireland, IRL
1949,14.5897, Sep Average, Ireland, IRL
1949,11.1631, Oct Average, Ireland, IRL
1949,7.08306, Nov Average, Ireland, IRL
1949,5.96202, Dec Average, Ireland, IRL
1950,5.71171, Jan Average, Ireland, IRL
1950,5.28671, Feb Average, Ireland, IRL
1950,7.70233, Mar Average, Ireland, IRL
1950,7.5629, Apr Average, Ireland, IRL
1950,11.0313, May Average, Ireland, IRL
1950,14.3912, Jun Average, Ireland, IRL
1950,14.7347, Jul Average, Ireland, IRL
1950,14.0315, Aug Average, Ireland, IRL
1950,11.7762, Sep Average, Ireland, IRL
1950,9.48825, Oct Average, Ireland, IRL
1950,5.31819, Nov Average, Ireland, IRL
1950,2.31241, Dec Average, Ireland, IRL
1951,4.13954, Jan Average, Ireland, IRL
1951,3.2968, Feb Average, Ireland, IRL
1951,4.78464, Mar Average, Ireland, IRL
1951,6.70776, Apr Average, Ireland, IRL
1951,9.24275, May Average, Ireland, IRL
1951,12.9946, Jun Average, Ireland, IRL
1951,14.9754, Jul Average, Ireland, IRL
1951,13.7298, Aug Average, Ireland, IRL
1951,12.9834, Sep Average, Ireland, IRL
1951,10.5423, Oct Average, Ireland, IRL
1951,7.62892, Nov Average, Ireland, IRL
1951,5.79216, Dec Average, Ireland, IRL
1952,3.34439, Jan Average, Ireland, IRL
1952,4.59827, Feb Average, Ireland, IRL
1952,7.09308, Mar Average, Ireland, IRL
1952,8.77611, Apr Average, Ireland, IRL
1952,11.8522, May Average, Ireland, IRL
1952,12.8894, Jun Average, Ireland, IRL
1952,15.3297, Jul Average, Ireland, IRL
1952,14.6628, Aug Average, Ireland, IRL
1952,10.6103, Sep Average, Ireland, IRL
1952,9.2365, Oct Average, Ireland, IRL
1952,5.44043, Nov Average, Ireland, IRL
1952,4.50128, Dec Average, Ireland, IRL
1953,4.98111, Jan Average, Ireland, IRL
1953,5.60624, Feb Average, Ireland, IRL
1953,5.93432, Mar Average, Ireland, IRL
1953,6.90325, Apr Average, Ireland, IRL
1953,11.7981, May Average, Ireland, IRL
1953,13.2293, Jun Average, Ireland, IRL
1953,14.3473, Jul Average, Ireland, IRL
1953,14.516, Aug Average, Ireland, IRL
1953,13.3258, Sep Average, Ireland, IRL
1953,9.66505, Oct Average, Ireland, IRL
1953,8.09013, Nov Average, Ireland, IRL
1953,7.42976, Dec Average, Ireland, IRL
1954,4.41506, Jan Average, Ireland, IRL
1954,4.22225, Feb Average, Ireland, IRL
1954,6.29403, Mar Average, Ireland, IRL
1954,8.16089, Apr Average, Ireland, IRL
1954,10.4563, May Average, Ireland, IRL
1954,12.4373, Jun Average, Ireland, IRL
1954,13.2736, Jul Average, Ireland, IRL
1954,13.35, Aug Average, Ireland, IRL
1954,11.5561, Sep Average, Ireland, IRL
1954,11.1542, Oct Average, Ireland, IRL
1954,6.49537, Nov Average, Ireland, IRL
1954,7.06084, Dec Average, Ireland, IRL
1955,3.75175, Jan Average, Ireland, IRL
1955,2.02637, Feb Average, Ireland, IRL
1955,3.8397, Mar Average, Ireland, IRL
1955,9.22944, Apr Average, Ireland, IRL
1955,9.40225, May Average, Ireland, IRL
1955,12.7899, Jun Average, Ireland, IRL
1955,16.0518, Jul Average, Ireland, IRL
1955,16.5938, Aug Average, Ireland, IRL
1955,13.6737, Sep Average, Ireland, IRL
1955,8.84315, Oct Average, Ireland, IRL
1955,7.68367, Nov Average, Ireland, IRL
1955,6.54641, Dec Average, Ireland, IRL
1956,4.13269, Jan Average, Ireland, IRL
1956,2.18117, Feb Average, Ireland, IRL
1956,7.28146, Mar Average, Ireland, IRL
1956,7.67198, Apr Average, Ireland, IRL
1956,10.9228, May Average, Ireland, IRL
1956,12.4039, Jun Average, Ireland, IRL
1956,14.2968, Jul Average, Ireland, IRL
1956,12.6747, Aug Average, Ireland, IRL
1956,13.1164, Sep Average, Ireland, IRL
1956,9.57401, Oct Average, Ireland, IRL
1956,7.12687, Nov Average, Ireland, IRL
1956,6.65296, Dec Average, Ireland, IRL
1957,5.50374, Jan Average, Ireland, IRL
1957,5.05653, Feb Average, Ireland, IRL
1957,9.29203, Mar Average, Ireland, IRL
1957,8.37459, Apr Average, Ireland, IRL
1957,10.3613, May Average, Ireland, IRL
1957,13.6127, Jun Average, Ireland, IRL
1957,14.8274, Jul Average, Ireland, IRL
1957,14.3713, Aug Average, Ireland, IRL
1957,11.9674, Sep Average, Ireland, IRL
1957,10.2073, Oct Average, Ireland, IRL
1957,6.52369, Nov Average, Ireland, IRL
1957,5.53895, Dec Average, Ireland, IRL
1958,4.70374, Jan Average, Ireland, IRL
1958,5.5116, Feb Average, Ireland, IRL
1958,4.63422, Mar Average, Ireland, IRL
1958,7.74663, Apr Average, Ireland, IRL
1958,9.73484, May Average, Ireland, IRL
1958,12.5568, Jun Average, Ireland, IRL
1958,14.3831, Jul Average, Ireland, IRL
1958,14.4573, Aug Average, Ireland, IRL
1958,13.9128, Sep Average, Ireland, IRL
1958,10.5963, Oct Average, Ireland, IRL
1958,8.01751, Nov Average, Ireland, IRL
1958,5.00119, Dec Average, Ireland, IRL
1959,3.1172, Jan Average, Ireland, IRL
1959,6.35251, Feb Average, Ireland, IRL
1959,7.31779, Mar Average, Ireland, IRL
1959,8.52938, Apr Average, Ireland, IRL
1959,11.6001, May Average, Ireland, IRL
1959,13.7374, Jun Average, Ireland, IRL
1959,15.2961, Jul Average, Ireland, IRL
1959,15.4335, Aug Average, Ireland, IRL
1959,14.0324, Sep Average, Ireland, IRL
1959,11.9337, Oct Average, Ireland, IRL
1959,6.95543, Nov Average, Ireland, IRL
1959,5.90324, Dec Average, Ireland, IRL
1960,4.72287, Jan Average, Ireland, IRL
1960,3.72573, Feb Average, Ireland, IRL
1960,6.89802, Mar Average, Ireland, IRL
1960,8.7356, Apr Average, Ireland, IRL
1960,11.8297, May Average, Ireland, IRL
1960,14.3377, Jun Average, Ireland, IRL
1960,14.0851, Jul Average, Ireland, IRL
1960,13.8701, Aug Average, Ireland, IRL
1960,12.1116, Sep Average, Ireland, IRL
1960,9.52845, Oct Average, Ireland, IRL
1960,6.82156, Nov Average, Ireland, IRL
1960,4.00238, Dec Average, Ireland, IRL
1961,4.34907, Jan Average, Ireland, IRL
1961,7.36507, Feb Average, Ireland, IRL
1961,8.4188, Mar Average, Ireland, IRL
1961,9.16428, Apr Average, Ireland, IRL
1961,10.4008, May Average, Ireland, IRL
1961,12.7331, Jun Average, Ireland, IRL
1961,13.6463, Jul Average, Ireland, IRL
1961,13.8324, Aug Average, Ireland, IRL
1961,13.0157, Sep Average, Ireland, IRL
1961,9.60803, Oct Average, Ireland, IRL
1961,6.35094, Nov Average, Ireland, IRL
1961,3.58999, Dec Average, Ireland, IRL
1962,4.7014, Jan Average, Ireland, IRL
1962,5.28604, Feb Average, Ireland, IRL
1962,3.7899, Mar Average, Ireland, IRL
1962,7.5448, Apr Average, Ireland, IRL
1962,9.75407, May Average, Ireland, IRL
1962,12.0812, Jun Average, Ireland, IRL
1962,13.7738, Jul Average, Ireland, IRL
1962,13.2834, Aug Average, Ireland, IRL
1962,11.5172, Sep Average, Ireland, IRL
1962,10.1712, Oct Average, Ireland, IRL
1962,5.97948, Nov Average, Ireland, IRL
1962,4.66492, Dec Average, Ireland, IRL
1963,0.56122, Jan Average, Ireland, IRL
1963,1.93452, Feb Average, Ireland, IRL
1963,6.41601, Mar Average, Ireland, IRL
1963,7.77315, Apr Average, Ireland, IRL
1963,9.42157, May Average, Ireland, IRL
1963,13.3427, Jun Average, Ireland, IRL
1963,13.7044, Jul Average, Ireland, IRL
1963,13.2768, Aug Average, Ireland, IRL
1963,11.8009, Sep Average, Ireland, IRL
1963,10.7197, Oct Average, Ireland, IRL
1963,7.08727, Nov Average, Ireland, IRL
1963,4.18215, Dec Average, Ireland, IRL
1964,5.58863, Jan Average, Ireland, IRL
1964,5.19914, Feb Average, Ireland, IRL
1964,5.68032, Mar Average, Ireland, IRL
1964,8.12069, Apr Average, Ireland, IRL
1964,11.5325, May Average, Ireland, IRL
1964,12.4806, Jun Average, Ireland, IRL
1964,14.3942, Jul Average, Ireland, IRL
1964,13.942, Aug Average, Ireland, IRL
1964,13.1678, Sep Average, Ireland, IRL
1964,9.2632, Oct Average, Ireland, IRL
1964,7.5956, Nov Average, Ireland, IRL
1964,4.69774, Dec Average, Ireland, IRL
1965,3.49474, Jan Average, Ireland, IRL
1965,3.55776, Feb Average, Ireland, IRL
1965,5.9844, Mar Average, Ireland, IRL
1965,8.0689, Apr Average, Ireland, IRL
1965,10.6059, May Average, Ireland, IRL
1965,12.9859, Jun Average, Ireland, IRL
1965,13.2864, Jul Average, Ireland, IRL
1965,13.7684, Aug Average, Ireland, IRL
1965,11.1272, Sep Average, Ireland, IRL
1965,10.7743, Oct Average, Ireland, IRL
1965,4.89804, Nov Average, Ireland, IRL
1965,4.94011, Dec Average, Ireland, IRL
1966,4.35205, Jan Average, Ireland, IRL
1966,6.24941, Feb Average, Ireland, IRL
1966,7.09424, Mar Average, Ireland, IRL
1966,7.31043, Apr Average, Ireland, IRL
1966,10.241, May Average, Ireland, IRL
1966,13.654, Jun Average, Ireland, IRL
1966,14.1273, Jul Average, Ireland, IRL
1966,13.7818, Aug Average, Ireland, IRL
1966,13.3896, Sep Average, Ireland, IRL
1966,8.72655, Oct Average, Ireland, IRL
1966,5.26788, Nov Average, Ireland, IRL
1966,5.97348, Dec Average, Ireland, IRL
1967,5.07903, Jan Average, Ireland, IRL
1967,5.32469, Feb Average, Ireland, IRL
1967,6.36896, Mar Average, Ireland, IRL
1967,8.2674, Apr Average, Ireland, IRL
1967,8.76964, May Average, Ireland, IRL
1967,13.1176, Jun Average, Ireland, IRL
1967,14.569, Jul Average, Ireland, IRL
1967,13.8723, Aug Average, Ireland, IRL
1967,12.3937, Sep Average, Ireland, IRL
1967,9.29816, Oct Average, Ireland, IRL
1967,5.83967, Nov Average, Ireland, IRL
1967,5.44798, Dec Average, Ireland, IRL
1968,5.61323, Jan Average, Ireland, IRL
1968,2.62312, Feb Average, Ireland, IRL
1968,6.08474, Mar Average, Ireland, IRL
1968,7.39985, Apr Average, Ireland, IRL
1968,8.96502, May Average, Ireland, IRL
1968,13.3573, Jun Average, Ireland, IRL
1968,13.8376, Jul Average, Ireland, IRL
1968,14.6385, Aug Average, Ireland, IRL
1968,12.7875, Sep Average, Ireland, IRL
1968,12.0148, Oct Average, Ireland, IRL
1968,7.33741, Nov Average, Ireland, IRL
1968,4.79289, Dec Average, Ireland, IRL
1969,5.11722, Jan Average, Ireland, IRL
1969,1.93255, Feb Average, Ireland, IRL
1969,4.55276, Mar Average, Ireland, IRL
1969,7.50217, Apr Average, Ireland, IRL
1969,10.0408, May Average, Ireland, IRL
1969,12.6875, Jun Average, Ireland, IRL
1969,14.985, Jul Average, Ireland, IRL
1969,14.5904, Aug Average, Ireland, IRL
1969,12.8264, Sep Average, Ireland, IRL
1969,12.4636, Oct Average, Ireland, IRL
1969,4.96026, Nov Average, Ireland, IRL
1969,4.89699, Dec Average, Ireland, IRL
1970,4.59546, Jan Average, Ireland, IRL
1970,3.67512, Feb Average, Ireland, IRL
1970,4.90165, Mar Average, Ireland, IRL
1970,6.7999, Apr Average, Ireland, IRL
1970,11.5249, May Average, Ireland, IRL
1970,14.7835, Jun Average, Ireland, IRL
1970,13.8481, Jul Average, Ireland, IRL
1970,14.2125, Aug Average, Ireland, IRL
1970,12.8689, Sep Average, Ireland, IRL
1970,10.4606, Oct Average, Ireland, IRL
1970,7.09763, Nov Average, Ireland, IRL
1970,4.81645, Dec Average, Ireland, IRL
1971,5.46997, Jan Average, Ireland, IRL
1971,5.62622, Feb Average, Ireland, IRL
1971,5.74275, Mar Average, Ireland, IRL
1971,7.59401, Apr Average, Ireland, IRL
1971,10.2843, May Average, Ireland, IRL
1971,11.9522, Jun Average, Ireland, IRL
1971,15.0903, Jul Average, Ireland, IRL
1971,14.238, Aug Average, Ireland, IRL
1971,14.1164, Sep Average, Ireland, IRL
1971,11.7357, Oct Average, Ireland, IRL
1971,6.99219, Nov Average, Ireland, IRL
1971,7.07638, Dec Average, Ireland, IRL
1972,4.16207, Jan Average, Ireland, IRL
1972,4.94003, Feb Average, Ireland, IRL
1972,5.8084, Mar Average, Ireland, IRL
1972,8.03439, Apr Average, Ireland, IRL
1972,9.50624, May Average, Ireland, IRL
1972,10.7727, Jun Average, Ireland, IRL
1972,14.3794, Jul Average, Ireland, IRL
1972,13.2862, Aug Average, Ireland, IRL
1972,11.4563, Sep Average, Ireland, IRL
1972,10.5482, Oct Average, Ireland, IRL
1972,6.07199, Nov Average, Ireland, IRL
1972,6.50057, Dec Average, Ireland, IRL
1973,6.00513, Jan Average, Ireland, IRL
1973,5.22735, Feb Average, Ireland, IRL
1973,6.35904, Mar Average, Ireland, IRL
1973,7.22336, Apr Average, Ireland, IRL
1973,10.3087, May Average, Ireland, IRL
1973,13.2924, Jun Average, Ireland, IRL
1973,14.2439, Jul Average, Ireland, IRL
1973,14.8227, Aug Average, Ireland, IRL
1973,13.0534, Sep Average, Ireland, IRL
1973,9.61742, Oct Average, Ireland, IRL
1973,7.25627, Nov Average, Ireland, IRL
1973,5.63289, Dec Average, Ireland, IRL
1974,6.24646, Jan Average, Ireland, IRL
1974,5.53516, Feb Average, Ireland, IRL
1974,5.77898, Mar Average, Ireland, IRL
1974,8.29435, Apr Average, Ireland, IRL
1974,10.0329, May Average, Ireland, IRL
1974,12.5688, Jun Average, Ireland, IRL
1974,13.8663, Jul Average, Ireland, IRL
1974,13.8466, Aug Average, Ireland, IRL
1974,10.7673, Sep Average, Ireland, IRL
1974,7.8726, Oct Average, Ireland, IRL
1974,5.96215, Nov Average, Ireland, IRL
1974,7.67083, Dec Average, Ireland, IRL
1975,6.23569, Jan Average, Ireland, IRL
1975,6.25069, Feb Average, Ireland, IRL
1975,5.23527, Mar Average, Ireland, IRL
1975,8.07677, Apr Average, Ireland, IRL
1975,9.64141, May Average, Ireland, IRL
1975,13.5911, Jun Average, Ireland, IRL
1975,15.6515, Jul Average, Ireland, IRL
1975,15.7876, Aug Average, Ireland, IRL
1975,11.8944, Sep Average, Ireland, IRL
1975,10.5726, Oct Average, Ireland, IRL
1975,6.95993, Nov Average, Ireland, IRL
1975,5.6704, Dec Average, Ireland, IRL
1976,6.08279, Jan Average, Ireland, IRL
1976,5.45801, Feb Average, Ireland, IRL
1976,6.14579, Mar Average, Ireland, IRL
1976,8.1588, Apr Average, Ireland, IRL
1976,10.2353, May Average, Ireland, IRL
1976,14.5429, Jun Average, Ireland, IRL
1976,15.7716, Jul Average, Ireland, IRL
1976,16.0642, Aug Average, Ireland, IRL
1976,12.4919, Sep Average, Ireland, IRL
1976,9.1192, Oct Average, Ireland, IRL
1976,6.26633, Nov Average, Ireland, IRL
1976,2.95808, Dec Average, Ireland, IRL
1977,3.20878, Jan Average, Ireland, IRL
1977,5.02135, Feb Average, Ireland, IRL
1977,7.01601, Mar Average, Ireland, IRL
1977,7.23176, Apr Average, Ireland, IRL
1977,9.97496, May Average, Ireland, IRL
1977,11.853, Jun Average, Ireland, IRL
1977,15.1595, Jul Average, Ireland, IRL
1977,14.5578, Aug Average, Ireland, IRL
1977,12.3165, Sep Average, Ireland, IRL
1977,11.3042, Oct Average, Ireland, IRL
1977,5.47, Nov Average, Ireland, IRL
1977,6.6449, Dec Average, Ireland, IRL
1978,3.88212, Jan Average, Ireland, IRL
1978,3.7866, Feb Average, Ireland, IRL
1978,6.29905, Mar Average, Ireland, IRL
1978,6.87164, Apr Average, Ireland, IRL
1978,10.9587, May Average, Ireland, IRL
1978,12.3935, Jun Average, Ireland, IRL
1978,13.8381, Jul Average, Ireland, IRL
1978,13.9713, Aug Average, Ireland, IRL
1978,13.4195, Sep Average, Ireland, IRL
1978,11.5708, Oct Average, Ireland, IRL
1978,8.55173, Nov Average, Ireland, IRL
1978,5.13696, Dec Average, Ireland, IRL
1979,2.05321, Jan Average, Ireland, IRL
1979,3.03677, Feb Average, Ireland, IRL
1979,4.4982, Mar Average, Ireland, IRL
1979,6.99284, Apr Average, Ireland, IRL
1979,8.48408, May Average, Ireland, IRL
1979,12.7622, Jun Average, Ireland, IRL
1979,14.8332, Jul Average, Ireland, IRL
1979,13.5588, Aug Average, Ireland, IRL
1979,12.2878, Sep Average, Ireland, IRL
1979,10.5573, Oct Average, Ireland, IRL
1979,7.41937, Nov Average, Ireland, IRL
1979,5.26396, Dec Average, Ireland, IRL
1980,3.63987, Jan Average, Ireland, IRL
1980,5.88271, Feb Average, Ireland, IRL
1980,5.18122, Mar Average, Ireland, IRL
1980,8.39871, Apr Average, Ireland, IRL
1980,10.5715, May Average, Ireland, IRL
1980,12.5067, Jun Average, Ireland, IRL
1980,13.5436, Jul Average, Ireland, IRL
1980,14.5376, Aug Average, Ireland, IRL
1980,13.3284, Sep Average, Ireland, IRL
1980,8.74359, Oct Average, Ireland, IRL
1980,6.76666, Nov Average, Ireland, IRL
1980,6.09996, Dec Average, Ireland, IRL
1981,6.0845, Jan Average, Ireland, IRL
1981,4.79258, Feb Average, Ireland, IRL
1981,7.62508, Mar Average, Ireland, IRL
1981,8.1909, Apr Average, Ireland, IRL
1981,10.1441, May Average, Ireland, IRL
1981,12.4012, Jun Average, Ireland, IRL
1981,13.9802, Jul Average, Ireland, IRL
1981,15.295, Aug Average, Ireland, IRL
1981,13.4471, Sep Average, Ireland, IRL
1981,7.3297, Oct Average, Ireland, IRL
1981,7.81222, Nov Average, Ireland, IRL
1981,2.91569, Dec Average, Ireland, IRL
1982,4.56939, Jan Average, Ireland, IRL
1982,5.93549, Feb Average, Ireland, IRL
1982,6.01915, Mar Average, Ireland, IRL
1982,8.6281, Apr Average, Ireland, IRL
1982,10.3797, May Average, Ireland, IRL
1982,13.6656, Jun Average, Ireland, IRL
1982,15.2059, Jul Average, Ireland, IRL
1982,14.2873, Aug Average, Ireland, IRL
1982,12.5931, Sep Average, Ireland, IRL
1982,9.68863, Oct Average, Ireland, IRL
1982,6.74393, Nov Average, Ireland, IRL
1982,4.80991, Dec Average, Ireland, IRL
1983,6.32975, Jan Average, Ireland, IRL
1983,3.28622, Feb Average, Ireland, IRL
1983,6.98376, Mar Average, Ireland, IRL
1983,5.93405, Apr Average, Ireland, IRL
1983,9.20785, May Average, Ireland, IRL
1983,12.9233, Jun Average, Ireland, IRL
1983,16.9993, Jul Average, Ireland, IRL
1983,16.2916, Aug Average, Ireland, IRL
1983,12.6897, Sep Average, Ireland, IRL
1983,9.8542, Oct Average, Ireland, IRL
1983,8.00137, Nov Average, Ireland, IRL
1983,6.90624, Dec Average, Ireland, IRL
1984,3.66909, Jan Average, Ireland, IRL
1984,5.38674, Feb Average, Ireland, IRL
1984,4.94963, Mar Average, Ireland, IRL
1984,8.67292, Apr Average, Ireland, IRL
1984,9.6081, May Average, Ireland, IRL
1984,13.2857, Jun Average, Ireland, IRL
1984,15.5568, Jul Average, Ireland, IRL
1984,15.8886, Aug Average, Ireland, IRL
1984,12.4886, Sep Average, Ireland, IRL
1984,10.0535, Oct Average, Ireland, IRL
1984,6.25633, Nov Average, Ireland, IRL
1984,5.83104, Dec Average, Ireland, IRL
1985,1.9514, Jan Average, Ireland, IRL
1985,4.76167, Feb Average, Ireland, IRL
1985,5.27608, Mar Average, Ireland, IRL
1985,8.45387, Apr Average, Ireland, IRL
1985,9.84468, May Average, Ireland, IRL
1985,11.8806, Jun Average, Ireland, IRL
1985,14.2799, Jul Average, Ireland, IRL
1985,12.9129, Aug Average, Ireland, IRL
1985,13.5297, Sep Average, Ireland, IRL
1985,10.4559, Oct Average, Ireland, IRL
1985,4.54968, Nov Average, Ireland, IRL
1985,6.30615, Dec Average, Ireland, IRL
1986,4.20523, Jan Average, Ireland, IRL
1986,1.10844, Feb Average, Ireland, IRL
1986,5.47254, Mar Average, Ireland, IRL
1986,5.56019, Apr Average, Ireland, IRL
1986,9.58257, May Average, Ireland, IRL
1986,13.1341, Jun Average, Ireland, IRL
1986,14.1761, Jul Average, Ireland, IRL
1986,12.0258, Aug Average, Ireland, IRL
1986,11.0492, Sep Average, Ireland, IRL
1986,10.1602, Oct Average, Ireland, IRL
1986,7.25215, Nov Average, Ireland, IRL
1986,5.6976, Dec Average, Ireland, IRL
1987,3.41509, Jan Average, Ireland, IRL
1987,4.53867, Feb Average, Ireland, IRL
1987,5.24931, Mar Average, Ireland, IRL
1987,9.27622, Apr Average, Ireland, IRL
1987,9.89164, May Average, Ireland, IRL
1987,11.9184, Jun Average, Ireland, IRL
1987,15.0326, Jul Average, Ireland, IRL
1987,14.5856, Aug Average, Ireland, IRL
1987,12.2075, Sep Average, Ireland, IRL
1987,8.41143, Oct Average, Ireland, IRL
1987,6.77915, Nov Average, Ireland, IRL
1987,6.61397, Dec Average, Ireland, IRL
1988,4.96458, Jan Average, Ireland, IRL
1988,4.76854, Feb Average, Ireland, IRL
1988,6.79674, Mar Average, Ireland, IRL
1988,8.50034, Apr Average, Ireland, IRL
1988,10.5805, May Average, Ireland, IRL
1988,13.8698, Jun Average, Ireland, IRL
1988,13.4587, Jul Average, Ireland, IRL
1988,13.6886, Aug Average, Ireland, IRL
1988,12.014, Sep Average, Ireland, IRL
1988,9.86921, Oct Average, Ireland, IRL
1988,6.49992, Nov Average, Ireland, IRL
1988,7.87587, Dec Average, Ireland, IRL
1989,7.14391, Jan Average, Ireland, IRL
1989,6.0026, Feb Average, Ireland, IRL
1989,6.73735, Mar Average, Ireland, IRL
1989,6.2945, Apr Average, Ireland, IRL
1989,11.6557, May Average, Ireland, IRL
1989,13.1867, Jun Average, Ireland, IRL
1989,16.7996, Jul Average, Ireland, IRL
1989,15.0787, Aug Average, Ireland, IRL
1989,12.7318, Sep Average, Ireland, IRL
1989,11.116, Oct Average, Ireland, IRL
1989,6.80351, Nov Average, Ireland, IRL
1989,4.88824, Dec Average, Ireland, IRL
1990,6.33159, Jan Average, Ireland, IRL
1990,6.30886, Feb Average, Ireland, IRL
1990,8.14543, Mar Average, Ireland, IRL
1990,7.71979, Apr Average, Ireland, IRL
1990,12.0558, May Average, Ireland, IRL
1990,12.5804, Jun Average, Ireland, IRL
1990,15.5507, Jul Average, Ireland, IRL
1990,15.6718, Aug Average, Ireland, IRL
1990,12.0782, Sep Average, Ireland, IRL
1990,10.7654, Oct Average, Ireland, IRL
1990,6.66768, Nov Average, Ireland, IRL
1990,4.62845, Dec Average, Ireland, IRL
1991,3.88835, Jan Average, Ireland, IRL
1991,3.40125, Feb Average, Ireland, IRL
1991,7.41071, Mar Average, Ireland, IRL
1991,7.82138, Apr Average, Ireland, IRL
1991,10.9145, May Average, Ireland, IRL
1991,11.8027, Jun Average, Ireland, IRL
1991,15.5926, Jul Average, Ireland, IRL
1991,15.4398, Aug Average, Ireland, IRL
1991,13.7431, Sep Average, Ireland, IRL
1991,9.23235, Oct Average, Ireland, IRL
1991,6.58217, Nov Average, Ireland, IRL
1991,6.37421, Dec Average, Ireland, IRL
1992,5.25798, Jan Average, Ireland, IRL
1992,6.29051, Feb Average, Ireland, IRL
1992,7.33933, Mar Average, Ireland, IRL
1992,7.97665, Apr Average, Ireland, IRL
1992,11.8396, May Average, Ireland, IRL
1992,14.3009, Jun Average, Ireland, IRL
1992,15.0111, Jul Average, Ireland, IRL
1992,13.4087, Aug Average, Ireland, IRL
1992,11.1697, Sep Average, Ireland, IRL
1992,7.50975, Oct Average, Ireland, IRL
1992,7.1633, Nov Average, Ireland, IRL
1992,4.6021, Dec Average, Ireland, IRL
1993,6.00429, Jan Average, Ireland, IRL
1993,6.49864, Feb Average, Ireland, IRL
1993,6.61465, Mar Average, Ireland, IRL
1993,9.01022, Apr Average, Ireland, IRL
1993,10.1468, May Average, Ireland, IRL
1993,13.193, Jun Average, Ireland, IRL
1993,14.0143, Jul Average, Ireland, IRL
1993,13.4543, Aug Average, Ireland, IRL
1993,11.7978, Sep Average, Ireland, IRL
1993,7.56917, Oct Average, Ireland, IRL
1993,6.09707, Nov Average, Ireland, IRL
1993,5.42294, Dec Average, Ireland, IRL
1994,5.20634, Jan Average, Ireland, IRL
1994,4.46257, Feb Average, Ireland, IRL
1994,6.95473, Mar Average, Ireland, IRL
1994,7.29588, Apr Average, Ireland, IRL
1994,9.81724, May Average, Ireland, IRL
1994,12.3371, Jun Average, Ireland, IRL
1994,14.6928, Jul Average, Ireland, IRL
1994,13.8759, Aug Average, Ireland, IRL
1994,11.6978, Sep Average, Ireland, IRL
1994,10.052, Oct Average, Ireland, IRL
1994,9.35606, Nov Average, Ireland, IRL
1994,6.56147, Dec Average, Ireland, IRL
1995,4.96684, Jan Average, Ireland, IRL
1995,6.09826, Feb Average, Ireland, IRL
1995,5.46008, Mar Average, Ireland, IRL
1995,8.44373, Apr Average, Ireland, IRL
1995,10.3428, May Average, Ireland, IRL
1995,13.712, Jun Average, Ireland, IRL
1995,16.45, Jul Average, Ireland, IRL
1995,17.2233, Aug Average, Ireland, IRL
1995,12.7461, Sep Average, Ireland, IRL
1995,11.954, Oct Average, Ireland, IRL
1995,7.8302, Nov Average, Ireland, IRL
1995,3.99757, Dec Average, Ireland, IRL
1996,5.72451, Jan Average, Ireland, IRL
1996,3.86292, Feb Average, Ireland, IRL
1996,5.39088, Mar Average, Ireland, IRL
1996,8.33557, Apr Average, Ireland, IRL
1996,8.59231, May Average, Ireland, IRL
1996,13.0633, Jun Average, Ireland, IRL
1996,14.7163, Jul Average, Ireland, IRL
1996,14.5225, Aug Average, Ireland, IRL
1996,13.3832, Sep Average, Ireland, IRL
1996,10.8168, Oct Average, Ireland, IRL
1996,6.03414, Nov Average, Ireland, IRL
1996,4.16692, Dec Average, Ireland, IRL
1997,4.10297, Jan Average, Ireland, IRL
1997,6.27963, Feb Average, Ireland, IRL
1997,7.83052, Mar Average, Ireland, IRL
1997,9.43345, Apr Average, Ireland, IRL
1997,11.0374, May Average, Ireland, IRL
1997,12.794, Jun Average, Ireland, IRL
1997,15.1827, Jul Average, Ireland, IRL
1997,16.1399, Aug Average, Ireland, IRL
1997,13.2546, Sep Average, Ireland, IRL
1997,10.7217, Oct Average, Ireland, IRL
1997,8.23724, Nov Average, Ireland, IRL
1997,6.35143, Dec Average, Ireland, IRL
1998,5.46139, Jan Average, Ireland, IRL
1998,7.75915, Feb Average, Ireland, IRL
1998,8.04138, Mar Average, Ireland, IRL
1998,7.26036, Apr Average, Ireland, IRL
1998,11.5644, May Average, Ireland, IRL
1998,12.7781, Jun Average, Ireland, IRL
1998,14.237, Jul Average, Ireland, IRL
1998,14.7679, Aug Average, Ireland, IRL
1998,13.651, Sep Average, Ireland, IRL
1998,10.2644, Oct Average, Ireland, IRL
1998,7.17768, Nov Average, Ireland, IRL
1998,6.31649, Dec Average, Ireland, IRL
1999,5.42275, Jan Average, Ireland, IRL
1999,6.18007, Feb Average, Ireland, IRL
1999,6.99751, Mar Average, Ireland, IRL
1999,9.01121, Apr Average, Ireland, IRL
1999,11.6829, May Average, Ireland, IRL
1999,12.284, Jun Average, Ireland, IRL
1999,15.8391, Jul Average, Ireland, IRL
1999,14.9926, Aug Average, Ireland, IRL
1999,13.7046, Sep Average, Ireland, IRL
1999,10.3916, Oct Average, Ireland, IRL
1999,7.52668, Nov Average, Ireland, IRL
1999,5.02191, Dec Average, Ireland, IRL
2000,5.1924, Jan Average, Ireland, IRL
2000,6.37357, Feb Average, Ireland, IRL
2000,7.40834, Mar Average, Ireland, IRL
2000,7.04412, Apr Average, Ireland, IRL
2000,11.0925, May Average, Ireland, IRL
2000,13.3205, Jun Average, Ireland, IRL
2000,15.1164, Jul Average, Ireland, IRL
2000,15.1272, Aug Average, Ireland, IRL
2000,13.2578, Sep Average, Ireland, IRL
2000,9.32777, Oct Average, Ireland, IRL
2000,6.21177, Nov Average, Ireland, IRL
2000,5.28488, Dec Average, Ireland, IRL
2001,3.92622, Jan Average, Ireland, IRL
2001,4.72727, Feb Average, Ireland, IRL
2001,5.46071, Mar Average, Ireland, IRL
2001,7.52799, Apr Average, Ireland, IRL
2001,11.616, May Average, Ireland, IRL
2001,12.801, Jun Average, Ireland, IRL
2001,14.7668, Jul Average, Ireland, IRL
2001,14.6733, Aug Average, Ireland, IRL
2001,13.0165, Sep Average, Ireland, IRL
2001,11.9287, Oct Average, Ireland, IRL
2001,8.18751, Nov Average, Ireland, IRL
2001,5.03227, Dec Average, Ireland, IRL
2002,6.92506, Jan Average, Ireland, IRL
2002,6.49325, Feb Average, Ireland, IRL
2002,7.33225, Mar Average, Ireland, IRL
2002,8.57355, Apr Average, Ireland, IRL
2002,10.6911, May Average, Ireland, IRL
2002,12.5711, Jun Average, Ireland, IRL
2002,13.9878, Jul Average, Ireland, IRL
2002,14.7493, Aug Average, Ireland, IRL
2002,13.2891, Sep Average, Ireland, IRL
2002,9.45966, Oct Average, Ireland, IRL
2002,8.10291, Nov Average, Ireland, IRL
2002,5.80929, Dec Average, Ireland, IRL
2003,4.96149, Jan Average, Ireland, IRL
2003,5.33088, Feb Average, Ireland, IRL
2003,7.45917, Mar Average, Ireland, IRL
2003,9.52211, Apr Average, Ireland, IRL
2003,10.5567, May Average, Ireland, IRL
2003,13.7891, Jun Average, Ireland, IRL
2003,15.569, Jul Average, Ireland, IRL
2003,15.9245, Aug Average, Ireland, IRL
2003,13.321, Sep Average, Ireland, IRL
2003,9.2359, Oct Average, Ireland, IRL
2003,7.8595, Nov Average, Ireland, IRL
2003,5.69227, Dec Average, Ireland, IRL
2004,5.61909, Jan Average, Ireland, IRL
2004,5.35369, Feb Average, Ireland, IRL
2004,6.77395, Mar Average, Ireland, IRL
2004,8.66126, Apr Average, Ireland, IRL
2004,10.8515, May Average, Ireland, IRL
2004,13.8645, Jun Average, Ireland, IRL
2004,14.145, Jul Average, Ireland, IRL
2004,15.3554, Aug Average, Ireland, IRL
2004,13.5233, Sep Average, Ireland, IRL
2004,8.91484, Oct Average, Ireland, IRL
2004,8.07292, Nov Average, Ireland, IRL
2004,6.58661, Dec Average, Ireland, IRL
2005,6.50409, Jan Average, Ireland, IRL
2005,5.00175, Feb Average, Ireland, IRL
2005,7.61894, Mar Average, Ireland, IRL
2005,8.23745, Apr Average, Ireland, IRL
2005,10.0593, May Average, Ireland, IRL
2005,14.0073, Jun Average, Ireland, IRL
2005,15.2362, Jul Average, Ireland, IRL
2005,14.9134, Aug Average, Ireland, IRL
2005,13.5634, Sep Average, Ireland, IRL
2005,11.2328, Oct Average, Ireland, IRL
2005,6.73796, Nov Average, Ireland, IRL
2005,5.96892, Dec Average, Ireland, IRL
2006,5.39212, Jan Average, Ireland, IRL
2006,5.19283, Feb Average, Ireland, IRL
2006,5.57034, Mar Average, Ireland, IRL
2006,8.00914, Apr Average, Ireland, IRL
2006,10.5183, May Average, Ireland, IRL
2006,14.2341, Jun Average, Ireland, IRL
2006,16.6722, Jul Average, Ireland, IRL
2006,14.8526, Aug Average, Ireland, IRL
2006,14.4463, Sep Average, Ireland, IRL
2006,11.675, Oct Average, Ireland, IRL
2006,7.43538, Nov Average, Ireland, IRL
2006,6.47651, Dec Average, Ireland, IRL
2007,6.48079, Jan Average, Ireland, IRL
2007,5.88093, Feb Average, Ireland, IRL
2007,6.78604, Mar Average, Ireland, IRL
2007,10.3716, Apr Average, Ireland, IRL
2007,10.9296, May Average, Ireland, IRL
2007,13.7803, Jun Average, Ireland, IRL
2007,14.3802, Jul Average, Ireland, IRL
2007,14.4485, Aug Average, Ireland, IRL
2007,12.9768, Sep Average, Ireland, IRL
2007,11.4884, Oct Average, Ireland, IRL
2007,8.41966, Nov Average, Ireland, IRL
2007,6.50523, Dec Average, Ireland, IRL
2008,6.11025, Jan Average, Ireland, IRL
2008,6.09554, Feb Average, Ireland, IRL
2008,6.1289, Mar Average, Ireland, IRL
2008,7.84213, Apr Average, Ireland, IRL
2008,12.2963, May Average, Ireland, IRL
2008,13.0186, Jun Average, Ireland, IRL
2008,14.9767, Jul Average, Ireland, IRL
2008,14.8285, Aug Average, Ireland, IRL
2008,12.3021, Sep Average, Ireland, IRL
2008,9.12333, Oct Average, Ireland, IRL
2008,6.96422, Nov Average, Ireland, IRL
2008,4.89918, Dec Average, Ireland, IRL
2009,4.48826, Jan Average, Ireland, IRL
2009,5.22779, Feb Average, Ireland, IRL
2009,7.09263, Mar Average, Ireland, IRL
2009,8.88527, Apr Average, Ireland, IRL
2009,10.7092, May Average, Ireland, IRL
2009,14.0838, Jun Average, Ireland, IRL
2009,14.9517, Jul Average, Ireland, IRL
2009,14.6427, Aug Average, Ireland, IRL
2009,12.7363, Sep Average, Ireland, IRL
2009,11.2184, Oct Average, Ireland, IRL
2009,7.27594, Nov Average, Ireland, IRL
2009,3.52271, Dec Average, Ireland, IRL
2010,2.44716, Jan Average, Ireland, IRL
2010,2.86393, Feb Average, Ireland, IRL
2010,5.57075, Mar Average, Ireland, IRL
2010,8.50556, Apr Average, Ireland, IRL
2010,10.2904, May Average, Ireland, IRL
2010,14.3498, Jun Average, Ireland, IRL
2010,15.1433, Jul Average, Ireland, IRL
2010,14.0555, Aug Average, Ireland, IRL
2010,13.3875, Sep Average, Ireland, IRL
2010,10.0629, Oct Average, Ireland, IRL
2010,5.12926, Nov Average, Ireland, IRL
2010,1.7803, Dec Average, Ireland, IRL
2011,3.51253, Jan Average, Ireland, IRL
2011,6.45207, Feb Average, Ireland, IRL
2011,6.41389, Mar Average, Ireland, IRL
2011,10.3585, Apr Average, Ireland, IRL
2011,11.0283, May Average, Ireland, IRL
2011,11.9251, Jun Average, Ireland, IRL
2011,13.9431, Jul Average, Ireland, IRL
2011,13.4881, Aug Average, Ireland, IRL
2011,13.1558, Sep Average, Ireland, IRL
2011,11.0698, Oct Average, Ireland, IRL
2011,9.17745, Nov Average, Ireland, IRL
2011,5.85065, Dec Average, Ireland, IRL
2012,6.41342, Jan Average, Ireland, IRL
2012,6.84726, Feb Average, Ireland, IRL
2012,8.47679, Mar Average, Ireland, IRL
2012,7.07172, Apr Average, Ireland, IRL
2012,10.5548, May Average, Ireland, IRL
2012,12.4629, Jun Average, Ireland, IRL
2012,13.7922, Jul Average, Ireland, IRL
2012,15.2338, Aug Average, Ireland, IRL
2012,12.1644, Sep Average, Ireland, IRL
2012,8.75672, Oct Average, Ireland, IRL
2012,5.99675, Nov Average, Ireland, IRL
2012,5.51352, Dec Average, Ireland, IRL
2013,5.12768, Jan Average, Ireland, IRL
2013,4.6858, Feb Average, Ireland, IRL
2013,4.2011, Mar Average, Ireland, IRL
2013,9.39989, Apr Average, Ireland, IRL
2013,9.66752, May Average, Ireland, IRL
2013,13.1064, Jun Average, Ireland, IRL
2013,16.7878, Jul Average, Ireland, IRL
2013,15.2201, Aug Average, Ireland, IRL
2013,13.2208, Sep Average, Ireland, IRL
2013,10.9903, Oct Average, Ireland, IRL
2013,6.9072, Nov Average, Ireland, IRL
2013,6.67047, Dec Average, Ireland, IRL
2014,5.28465, Jan Average, Ireland, IRL
2014,5.28644, Feb Average, Ireland, IRL
2014,6.80391, Mar Average, Ireland, IRL
2014,9.59549, Apr Average, Ireland, IRL
2014,11.062, May Average, Ireland, IRL
2014,14.0371, Jun Average, Ireland, IRL
2014,16.1029, Jul Average, Ireland, IRL
2014,13.9883, Aug Average, Ireland, IRL
2014,13.9382, Sep Average, Ireland, IRL
2014,10.8565, Oct Average, Ireland, IRL
2014,7.57424, Nov Average, Ireland, IRL
2014,5.70139, Dec Average, Ireland, IRL
2015,5.2083, Jan Average, Ireland, IRL
2015,4.57614, Feb Average, Ireland, IRL
2015,6.06684, Mar Average, Ireland, IRL
2015,8.20878, Apr Average, Ireland, IRL
2015,9.77426, May Average, Ireland, IRL
2015,12.5479, Jun Average, Ireland, IRL
2015,14.3861, Jul Average, Ireland, IRL
2015,14.5202, Aug Average, Ireland, IRL
2015,12.1483, Sep Average, Ireland, IRL
2015,10.3369, Oct Average, Ireland, IRL
2015,8.54375, Nov Average, Ireland, IRL
2015,7.85946, Dec Average, Ireland, IRL
2016,5.7706, Jan Average, Ireland, IRL
2016,4.8137, Feb Average, Ireland, IRL
2016,6.2681, Mar Average, Ireland, IRL
2016,7.03313, Apr Average, Ireland, IRL
2016,11.4049, May Average, Ireland, IRL
2016,14.2497, Jun Average, Ireland, IRL
2016,14.9929, Jul Average, Ireland, IRL
2016,15.1604, Aug Average, Ireland, IRL
2016,13.7029, Sep Average, Ireland, IRL
2016,10.3238, Oct Average, Ireland, IRL
2016,5.63055, Nov Average, Ireland, IRL
2016,6.43932, Dec Average, Ireland, IRL
